run_id,model,mode,split,n,accuracy,strict_accuracy,hallucination_rate,abstain_rate,retrieval_rate,avg_latency_ms,pop_threshold,conf_threshold
28,meta-llama/Meta-Llama-3-8B-Instruct@nf4,never,tune,500,0.236,0.202,0.646,0.118,0.0,122.951845568,,
29,meta-llama/Meta-Llama-3-8B-Instruct@nf4,never,test,500,0.276,0.232,0.604,0.12,0.0,120.748813232,,
30,meta-llama/Meta-Llama-3-8B-Instruct@nf4,never,all,1000,0.256,0.217,0.625,0.119,0.0,121.85032939999999,,
31,meta-llama/Meta-Llama-3-8B-Instruct@nf4,always,tune,500,0.696,0.656,0.178,0.126,1.0,682.88768752,,
32,meta-llama/Meta-Llama-3-8B-Instruct@nf4,always,test,500,0.628,0.578,0.232,0.14,1.0,740.8419271999999,,
33,meta-llama/Meta-Llama-3-8B-Instruct@nf4,always,all,1000,0.662,0.617,0.205,0.133,1.0,711.86480736,,
34,meta-llama/Meta-Llama-3-8B-Instruct@nf4,adaptive,tune,500,0.694,0.656,0.19,0.116,0.874,623.164483072,9568.0,0.75
35,meta-llama/Meta-Llama-3-8B-Instruct@nf4,adaptive,test,500,0.622,0.57,0.238,0.14,0.866,669.627460456,9568.0,0.75
36,meta-llama/Meta-Llama-3-8B-Instruct@nf4,adaptive,all,1000,0.658,0.613,0.214,0.128,0.87,646.395971764,9568.0,0.75
