pop_threshold,conf_threshold,n,accuracy,strict_accuracy,hallucination_rate,abstain_rate,retrieval_rate,avg_latency_ms
0.0,0.0,500,0.236,0.202,0.646,0.118,0.0,122.951845568
0.0,0.05,500,0.236,0.202,0.646,0.118,0.0,122.951845568
0.0,0.1,500,0.236,0.202,0.646,0.118,0.0,122.951845568
0.0,0.15,500,0.236,0.202,0.644,0.12,0.002,123.747310368
0.0,0.2,500,0.236,0.202,0.642,0.122,0.004,124.61445316800001
0.0,0.25,500,0.238,0.204,0.64,0.122,0.006,125.514018728
0.0,0.3,500,0.24,0.206,0.636,0.124,0.01,129.867076688
0.0,0.35,500,0.254,0.218,0.618,0.128,0.032,149.38257168799998
0.0,0.4,500,0.268,0.232,0.602,0.13,0.048,161.579037068
0.0,0.45,500,0.296,0.26,0.572,0.132,0.098,194.346923968
0.0,0.5,500,0.33,0.292,0.534,0.136,0.16,240.344379188
0.0,0.55,500,0.364,0.328,0.49,0.146,0.222,281.170313388
0.0,0.6,500,0.416,0.38,0.434,0.15,0.298,328.79594014799994
0.0,0.65,500,0.456,0.418,0.392,0.152,0.37,378.837625808
0.0,0.7,500,0.502,0.462,0.346,0.152,0.452,442.952687788
0.0,0.75,500,0.564,0.526,0.274,0.162,0.57,513.102421168
0.0,0.8,500,0.594,0.556,0.254,0.152,0.65,564.8803441880001
0.0,0.85,500,0.626,0.586,0.236,0.138,0.714,614.957778488
0.0,0.9,500,0.654,0.614,0.206,0.14,0.788,670.4989469079999
0.0,0.95,500,0.67,0.628,0.186,0.144,0.882,733.6183718079999
0.0,1.0,500,0.696,0.656,0.178,0.126,1.0,805.839533088
5.0,0.0,500,0.236,0.202,0.646,0.118,0.0,122.951845568
5.0,0.05,500,0.236,0.202,0.646,0.118,0.0,122.951845568
5.0,0.1,500,0.236,0.202,0.646,0.118,0.0,122.951845568
5.0,0.15,500,0.236,0.202,0.644,0.12,0.002,123.747310368
5.0,0.2,500,0.236,0.202,0.642,0.122,0.004,124.61445316800001
5.0,0.25,500,0.238,0.204,0.64,0.122,0.006,125.514018728
5.0,0.3,500,0.24,0.206,0.636,0.124,0.01,129.867076688
5.0,0.35,500,0.254,0.218,0.618,0.128,0.032,149.38257168799998
5.0,0.4,500,0.268,0.232,0.602,0.13,0.048,161.579037068
5.0,0.45,500,0.296,0.26,0.572,0.132,0.098,194.346923968
5.0,0.5,500,0.33,0.292,0.534,0.136,0.16,240.344379188
5.0,0.55,500,0.364,0.328,0.49,0.146,0.222,281.170313388
5.0,0.6,500,0.416,0.38,0.434,0.15,0.298,328.79594014799994
5.0,0.65,500,0.456,0.418,0.392,0.152,0.37,378.837625808
5.0,0.7,500,0.502,0.462,0.346,0.152,0.452,442.952687788
5.0,0.75,500,0.564,0.526,0.274,0.162,0.57,513.102421168
5.0,0.8,500,0.594,0.556,0.254,0.152,0.65,564.8803441880001
5.0,0.85,500,0.626,0.586,0.236,0.138,0.714,614.957778488
5.0,0.9,500,0.654,0.614,0.206,0.14,0.788,670.4989469079999
5.0,0.95,500,0.67,0.628,0.186,0.144,0.882,733.6183718079999
5.0,1.0,500,0.696,0.656,0.178,0.126,1.0,805.839533088
100.0,0.0,500,0.288,0.256,0.602,0.11,0.1,180.86506397600002
100.0,0.05,500,0.288,0.256,0.602,0.11,0.1,180.86506397600002
100.0,0.1,500,0.288,0.256,0.602,0.11,0.1,180.86506397600002
100.0,0.15,500,0.288,0.256,0.6,0.112,0.102,181.66052877599998
100.0,0.2,500,0.288,0.256,0.598,0.114,0.104,182.527671576
100.0,0.25,500,0.29,0.258,0.596,0.114,0.106,183.42723713599997
100.0,0.3,500,0.292,0.26,0.592,0.116,0.11,187.780295096
100.0,0.35,500,0.304,0.27,0.576,0.12,0.13,206.399622096
100.0,0.4,500,0.318,0.284,0.56,0.122,0.146,218.596087476
100.0,0.45,500,0.344,0.31,0.532,0.124,0.194,250.473109636
100.0,0.5,500,0.376,0.34,0.498,0.126,0.252,294.673859176
100.0,0.55,500,0.404,0.37,0.46,0.136,0.306,331.12361101600004
100.0,0.6,500,0.446,0.412,0.412,0.142,0.368,367.54183117599996
100.0,0.65,500,0.478,0.442,0.378,0.144,0.43,410.708585176
100.0,0.7,500,0.522,0.484,0.334,0.144,0.506,467.114812496
100.0,0.75,500,0.578,0.54,0.27,0.152,0.608,524.788075756
100.0,0.8,500,0.606,0.568,0.252,0.142,0.682,573.868947316
100.0,0.85,500,0.632,0.592,0.234,0.134,0.734,611.789136276
100.0,0.9,500,0.66,0.62,0.204,0.136,0.804,665.544162296
100.0,0.95,500,0.674,0.632,0.186,0.14,0.892,725.969732296
100.0,1.0,500,0.696,0.656,0.178,0.126,1.0,793.726761896
183.0,0.0,500,0.346,0.314,0.54,0.114,0.198,242.223546714
183.0,0.05,500,0.346,0.314,0.54,0.114,0.198,242.223546714
183.0,0.1,500,0.346,0.314,0.54,0.114,0.198,242.223546714
183.0,0.15,500,0.346,0.314,0.538,0.116,0.2,243.01901151399997
183.0,0.2,500,0.346,0.314,0.536,0.118,0.202,243.88615431399998
183.0,0.25,500,0.348,0.316,0.534,0.118,0.204,244.785719874
183.0,0.3,500,0.35,0.318,0.53,0.12,0.208,249.13877783399997
183.0,0.35,500,0.362,0.328,0.514,0.124,0.228,267.758104834
183.0,0.4,500,0.372,0.338,0.504,0.124,0.238,272.539325054
183.0,0.45,500,0.394,0.36,0.482,0.124,0.276,297.282141254
183.0,0.5,500,0.422,0.386,0.452,0.126,0.328,338.571773894
183.0,0.55,500,0.442,0.408,0.422,0.136,0.372,367.960392194
183.0,0.6,500,0.472,0.438,0.388,0.14,0.42,395.078472234
183.0,0.65,500,0.504,0.468,0.354,0.142,0.48,435.049482034
183.0,0.7,500,0.548,0.51,0.31,0.142,0.548,487.20525853399994
183.0,0.75,500,0.594,0.556,0.258,0.148,0.636,537.6428484139999
183.0,0.8,500,0.618,0.58,0.242,0.14,0.704,581.7310234939999
183.0,0.85,500,0.638,0.598,0.23,0.132,0.748,615.607928874
183.0,0.9,500,0.664,0.624,0.202,0.134,0.812,661.577379094
183.0,0.95,500,0.676,0.634,0.186,0.138,0.894,714.8358918339999
183.0,1.0,500,0.696,0.656,0.178,0.126,1.0,781.240982094
300.0,0.0,500,0.412,0.374,0.482,0.106,0.298,294.96766458999997
300.0,0.05,500,0.412,0.374,0.482,0.106,0.298,294.96766458999997
300.0,0.1,500,0.412,0.374,0.482,0.106,0.298,294.96766458999997
300.0,0.15,500,0.412,0.374,0.48,0.108,0.3,295.76312939
300.0,0.2,500,0.412,0.374,0.478,0.11,0.302,296.63027218999997
300.0,0.25,500,0.412,0.374,0.478,0.11,0.302,296.63027218999997
300.0,0.3,500,0.414,0.376,0.474,0.112,0.306,300.98333015
300.0,0.35,500,0.424,0.386,0.46,0.116,0.324,318.70648915
300.0,0.4,500,0.434,0.396,0.45,0.116,0.334,323.48770937
300.0,0.45,500,0.452,0.414,0.432,0.116,0.368,346.42971557
300.0,0.5,500,0.474,0.434,0.41,0.116,0.41,379.89119883
300.0,0.55,500,0.49,0.452,0.384,0.126,0.448,406.59859936999993
300.0,0.6,500,0.516,0.478,0.354,0.13,0.492,431.95326377
300.0,0.65,500,0.544,0.504,0.326,0.13,0.544,465.24153581
300.0,0.7,500,0.578,0.538,0.29,0.132,0.598,510.93986753
300.0,0.75,500,0.616,0.576,0.246,0.138,0.676,554.30387207
300.0,0.8,500,0.636,0.596,0.23,0.134,0.734,591.7269283300001
300.0,0.85,500,0.652,0.61,0.222,0.126,0.772,620.2959020100001
300.0,0.9,500,0.67,0.63,0.2,0.13,0.826,656.28901091
300.0,0.95,500,0.68,0.638,0.186,0.134,0.902,706.8418952299999
300.0,1.0,500,0.696,0.656,0.178,0.126,1.0,769.58677573
511.0,0.0,500,0.466,0.426,0.428,0.106,0.4,357.228681584
511.0,0.05,500,0.466,0.426,0.428,0.106,0.4,357.228681584
511.0,0.1,500,0.466,0.426,0.428,0.106,0.4,357.228681584
511.0,0.15,500,0.466,0.426,0.426,0.108,0.402,358.024146384
511.0,0.2,500,0.466,0.426,0.426,0.108,0.402,358.024146384
511.0,0.25,500,0.466,0.426,0.426,0.108,0.402,358.024146384
511.0,0.3,500,0.468,0.428,0.422,0.11,0.406,362.37720434399995
511.0,0.35,500,0.478,0.438,0.408,0.114,0.424,380.10036334399996
511.0,0.4,500,0.486,0.446,0.4,0.114,0.432,383.529644224
511.0,0.45,500,0.504,0.464,0.382,0.114,0.464,405.569498424
511.0,0.5,500,0.524,0.482,0.362,0.114,0.5,431.491427684
511.0,0.55,500,0.532,0.492,0.344,0.124,0.528,450.85784258399997
511.0,0.6,500,0.554,0.514,0.318,0.128,0.568,474.063460344
511.0,0.65,500,0.576,0.536,0.298,0.126,0.608,501.89652038400004
511.0,0.7,500,0.6,0.56,0.272,0.128,0.652,536.217905304
511.0,0.75,500,0.636,0.594,0.232,0.132,0.72,574.8612689639999
511.0,0.8,500,0.652,0.61,0.218,0.13,0.768,602.299932924
511.0,0.85,500,0.662,0.62,0.214,0.124,0.8,628.1056998639999
511.0,0.9,500,0.678,0.638,0.194,0.128,0.85,662.138126744
511.0,0.95,500,0.682,0.64,0.186,0.132,0.912,703.9882693640001
511.0,1.0,500,0.696,0.656,0.178,0.126,1.0,757.356630464
854.0,0.0,500,0.526,0.482,0.374,0.1,0.5,413.308855152
854.0,0.05,500,0.526,0.482,0.374,0.1,0.5,413.308855152
854.0,0.1,500,0.526,0.482,0.374,0.1,0.5,413.308855152
854.0,0.15,500,0.526,0.482,0.372,0.102,0.502,414.104319952
854.0,0.2,500,0.526,0.482,0.372,0.102,0.502,414.104319952
854.0,0.25,500,0.526,0.482,0.372,0.102,0.502,414.104319952
854.0,0.3,500,0.528,0.484,0.368,0.104,0.506,418.45737791199997
854.0,0.35,500,0.536,0.492,0.356,0.108,0.522,435.212220252
854.0,0.4,500,0.544,0.5,0.348,0.108,0.53,438.64150113200003
854.0,0.45,500,0.556,0.512,0.336,0.108,0.554,456.883133492
854.0,0.5,500,0.57,0.524,0.322,0.108,0.582,479.229069212
854.0,0.55,500,0.576,0.532,0.306,0.118,0.606,494.032840912
854.0,0.6,500,0.59,0.546,0.288,0.122,0.63,505.270547252
854.0,0.65,500,0.61,0.566,0.27,0.12,0.668,531.9271636920001
854.0,0.7,500,0.628,0.584,0.248,0.124,0.704,556.815879572
854.0,0.75,500,0.656,0.612,0.214,0.13,0.758,589.202539632
854.0,0.8,500,0.668,0.624,0.204,0.128,0.798,612.663850992
854.0,0.85,500,0.676,0.632,0.202,0.122,0.826,633.568141332
854.0,0.9,500,0.69,0.648,0.186,0.124,0.868,664.059225792
854.0,0.95,500,0.69,0.648,0.182,0.128,0.924,699.788628012
854.0,1.0,500,0.696,0.656,0.178,0.126,1.0,744.771440112
1567.0,0.0,500,0.582,0.536,0.32,0.098,0.6,464.35638719
1567.0,0.05,500,0.582,0.536,0.32,0.098,0.6,464.35638719
1567.0,0.1,500,0.582,0.536,0.32,0.098,0.6,464.35638719
1567.0,0.15,500,0.582,0.536,0.32,0.098,0.6,464.35638719
1567.0,0.2,500,0.582,0.536,0.32,0.098,0.6,464.35638719
1567.0,0.25,500,0.582,0.536,0.32,0.098,0.6,464.35638719
1567.0,0.3,500,0.584,0.538,0.316,0.1,0.604,468.70944515
1567.0,0.35,500,0.588,0.542,0.308,0.104,0.616,483.60816288999996
1567.0,0.4,500,0.594,0.548,0.302,0.104,0.622,486.24438432999995
1567.0,0.45,500,0.604,0.558,0.292,0.104,0.64,501.56123876999993
1567.0,0.5,500,0.612,0.566,0.284,0.104,0.658,511.98638225
1567.0,0.55,500,0.616,0.572,0.274,0.11,0.676,520.53869449
1567.0,0.6,500,0.62,0.576,0.266,0.114,0.688,526.46559571
1567.0,0.65,500,0.636,0.592,0.252,0.112,0.714,545.5375847700001
1567.0,0.7,500,0.65,0.606,0.234,0.116,0.746,568.71932623
1567.0,0.75,500,0.672,0.628,0.208,0.12,0.788,595.34826171
1567.0,0.8,500,0.678,0.634,0.198,0.124,0.82,615.1940685300001
1567.0,0.85,500,0.684,0.64,0.196,0.12,0.846,635.14437947
1567.0,0.9,500,0.694,0.652,0.184,0.122,0.882,660.7503966300001
1567.0,0.95,500,0.692,0.65,0.18,0.128,0.93,689.9554744500001
1567.0,1.0,500,0.696,0.656,0.178,0.126,1.0,732.27819775
2994.0,0.0,500,0.622,0.582,0.28,0.098,0.7,521.8655215800001
2994.0,0.05,500,0.622,0.582,0.28,0.098,0.7,521.8655215800001
2994.0,0.1,500,0.622,0.582,0.28,0.098,0.7,521.8655215800001
2994.0,0.15,500,0.622,0.582,0.28,0.098,0.7,521.8655215800001
2994.0,0.2,500,0.622,0.582,0.28,0.098,0.7,521.8655215800001
2994.0,0.25,500,0.622,0.582,0.28,0.098,0.7,521.8655215800001
2994.0,0.3,500,0.622,0.582,0.28,0.098,0.7,521.8655215800001
2994.0,0.35,500,0.624,0.584,0.274,0.102,0.708,530.3853847199999
2994.0,0.4,500,0.628,0.588,0.27,0.102,0.712,532.13735464
2994.0,0.45,500,0.636,0.596,0.262,0.102,0.726,543.4138759800001
2994.0,0.5,500,0.64,0.6,0.258,0.102,0.74,551.96068744
2994.0,0.55,500,0.646,0.606,0.25,0.104,0.752,557.3780174
2994.0,0.6,500,0.648,0.608,0.246,0.106,0.756,559.49042976
2994.0,0.65,500,0.662,0.622,0.234,0.104,0.774,572.2901500800001
2994.0,0.7,500,0.67,0.63,0.22,0.11,0.798,585.6750848600001
2994.0,0.75,500,0.686,0.646,0.198,0.116,0.832,608.7676760400001
2994.0,0.8,500,0.69,0.65,0.19,0.12,0.854,621.3496594999999
2994.0,0.85,500,0.692,0.652,0.19,0.118,0.874,638.69182004
2994.0,0.9,500,0.698,0.66,0.182,0.12,0.906,662.43126388
2994.0,0.95,500,0.696,0.656,0.18,0.124,0.946,685.81169982
2994.0,1.0,500,0.696,0.656,0.178,0.126,1.0,720.20413356
9568.0,0.0,500,0.656,0.618,0.232,0.112,0.798,569.3117271120001
9568.0,0.05,500,0.656,0.618,0.232,0.112,0.798,569.3117271120001
9568.0,0.1,500,0.656,0.618,0.232,0.112,0.798,569.3117271120001
9568.0,0.15,500,0.656,0.618,0.232,0.112,0.798,569.3117271120001
9568.0,0.2,500,0.656,0.618,0.232,0.112,0.798,569.3117271120001
9568.0,0.25,500,0.656,0.618,0.232,0.112,0.798,569.3117271120001
9568.0,0.3,500,0.656,0.618,0.232,0.112,0.798,569.3117271120001
9568.0,0.35,500,0.658,0.62,0.23,0.112,0.8,572.3551195120001
9568.0,0.4,500,0.658,0.62,0.23,0.112,0.8,572.3551195120001
9568.0,0.45,500,0.666,0.628,0.222,0.112,0.81,579.4679294519999
9568.0,0.5,500,0.668,0.63,0.22,0.112,0.82,586.234880032
9568.0,0.55,500,0.67,0.632,0.218,0.112,0.826,588.896590172
9568.0,0.6,500,0.672,0.634,0.216,0.112,0.828,590.068277672
9568.0,0.65,500,0.682,0.644,0.206,0.112,0.842,601.0303005320001
9568.0,0.7,500,0.686,0.648,0.2,0.114,0.856,607.492666632
9568.0,0.75,500,0.694,0.656,0.19,0.116,0.874,623.164483072
9568.0,0.8,500,0.698,0.658,0.184,0.118,0.888,632.0881730120001
9568.0,0.85,500,0.698,0.658,0.184,0.118,0.9,643.493358892
9568.0,0.9,500,0.702,0.664,0.178,0.12,0.924,661.2676407920001
9568.0,0.95,500,0.698,0.66,0.178,0.124,0.956,681.1400363519999
9568.0,1.0,500,0.696,0.656,0.178,0.126,1.0,708.2011863319999
33912.0,0.0,500,0.678,0.64,0.198,0.124,0.9,628.2311183420001
33912.0,0.05,500,0.678,0.64,0.198,0.124,0.9,628.2311183420001
33912.0,0.1,500,0.678,0.64,0.198,0.124,0.9,628.2311183420001
33912.0,0.15,500,0.678,0.64,0.198,0.124,0.9,628.2311183420001
33912.0,0.2,500,0.678,0.64,0.198,0.124,0.9,628.2311183420001
33912.0,0.25,500,0.678,0.64,0.198,0.124,0.9,628.2311183420001
33912.0,0.3,500,0.678,0.64,0.198,0.124,0.9,628.2311183420001
33912.0,0.35,500,0.678,0.64,0.198,0.124,0.9,628.2311183420001
33912.0,0.4,500,0.678,0.64,0.198,0.124,0.9,628.2311183420001
33912.0,0.45,500,0.68,0.642,0.196,0.124,0.904,630.245973642
33912.0,0.5,500,0.68,0.642,0.196,0.124,0.904,630.245973642
33912.0,0.55,500,0.682,0.644,0.194,0.124,0.908,632.0307648419999
33912.0,0.6,500,0.684,0.646,0.192,0.124,0.91,633.202452342
33912.0,0.65,500,0.688,0.65,0.188,0.124,0.914,637.3722574020001
33912.0,0.7,500,0.692,0.654,0.184,0.124,0.918,639.2557885020001
33912.0,0.75,500,0.694,0.656,0.182,0.124,0.924,642.561510342
33912.0,0.8,500,0.696,0.656,0.18,0.124,0.93,647.642781342
33912.0,0.85,500,0.696,0.656,0.18,0.124,0.936,650.3619170220001
33912.0,0.9,500,0.7,0.66,0.176,0.124,0.948,662.785370062
33912.0,0.95,500,0.696,0.656,0.178,0.126,0.968,674.482630902
33912.0,1.0,500,0.696,0.656,0.178,0.126,1.0,695.814774322
933638.0,0.0,500,0.694,0.654,0.18,0.126,0.998,682.2636562000001
933638.0,0.05,500,0.694,0.654,0.18,0.126,0.998,682.2636562000001
933638.0,0.1,500,0.694,0.654,0.18,0.126,0.998,682.2636562000001
933638.0,0.15,500,0.694,0.654,0.18,0.126,0.998,682.2636562000001
933638.0,0.2,500,0.694,0.654,0.18,0.126,0.998,682.2636562000001
933638.0,0.25,500,0.694,0.654,0.18,0.126,0.998,682.2636562000001
933638.0,0.3,500,0.694,0.654,0.18,0.126,0.998,682.2636562000001
933638.0,0.35,500,0.694,0.654,0.18,0.126,0.998,682.2636562000001
933638.0,0.4,500,0.694,0.654,0.18,0.126,0.998,682.2636562000001
933638.0,0.45,500,0.694,0.654,0.18,0.126,0.998,682.2636562000001
933638.0,0.5,500,0.694,0.654,0.18,0.126,0.998,682.2636562000001
933638.0,0.55,500,0.694,0.654,0.18,0.126,0.998,682.2636562000001
933638.0,0.6,500,0.694,0.654,0.18,0.126,0.998,682.2636562000001
933638.0,0.65,500,0.694,0.654,0.18,0.126,0.998,682.2636562000001
933638.0,0.7,500,0.694,0.654,0.18,0.126,0.998,682.2636562000001
933638.0,0.75,500,0.694,0.654,0.18,0.126,0.998,682.2636562000001
933638.0,0.8,500,0.694,0.654,0.18,0.126,0.998,682.2636562000001
933638.0,0.85,500,0.694,0.654,0.18,0.126,0.998,682.2636562000001
933638.0,0.9,500,0.696,0.656,0.178,0.126,1.0,683.15780232
933638.0,0.95,500,0.696,0.656,0.178,0.126,1.0,683.15780232
933638.0,1.0,500,0.696,0.656,0.178,0.126,1.0,683.15780232
